{"weight_01": 1.0, "weight_02": 0.98, "weight_03": 0.9500000000000001, "weight_04": 0.92, "weight_05": 0.8799999999999999, "weight_06": 0.8200000000000001, "weight_07": 0.7100000000000001, "weight_08": 0.62, "weight_09": 0.5499999999999999, "weight_10": 0.7, "weight_11": 0.67, "weight_12": 0.64, "weight_13": 0.61, "weight_14": 0.5800000000000001, "weight_15": 0.55, "weight_16": 0.52, "weight_17": 0.49, "weight_18": 0.45999999999999996, "weight_19": 0.43000000000000005, "weight_20": 0.4, "weight_21": 0.37, "weight_22": 0.3400000000000001, "weight_23": 0.31000000000000005, "weight_24": 0.28, "weight_25": 0.25, "weight_26": 0.21999999999999997, "weight_27": 0.19000000000000006, "weight_28": 0.16000000000000003, "weight_29": 0.13, "weight_30": 0.10000000000000009, "weight_31": 0.07000000000000006, "weight_32": 0.040000000000000036, "weight_33": 0.010000000000000009, "vFallOff_01": 0.020000000000000004, "vFallOff_02": 0.030000000000000006, "vFallOff_03": 0.05, "vFallOff_04": 0.13000000000000003, "vFallOff_05": 0.22000000000000003, "vFallOff_06": 0.33000000000000007, "vFallOff_07": 0.47, "vFallOff_08": 0.6300000000000001, "vFallOff_09": 0.8200000000000001, "vFallOffMid_01": 0.9700000000000001, "vFallOffMid_02": 0.92, "vFallOffMid_03": 0.8500000000000001, "vFallOffMid_04": 0.7500000000000001, "vFallOffMid_05": 0.67, "vFallOffMid_06": 0.55, "vFallOffMid_07": 0.43000000000000005, "vFallOffMid_08": 0.32000000000000006, "vFallOffMid_09": 0.19000000000000003, "vFallOffUpCurve_00": 0.0, "vFallOffUpCurve_01": 0.0, "vFallOffUpCurve_02": 0.0, "vFallOffUpCurve_03": 0.0, "vFallOffUpCurve_04": 0.0, "vFallOffUpCurve_05": 0.0, "vFallOffUpCurve_06": 0.0, "vFallOffUpCurve_07": 0.0, "vFallOffUpCurve_08": 0.0, "vFallOffUpCurve_09": 0.0, "vFallOffLoCurve_00": 0.0, "vFallOffLoCurve_01": 0.0, "vFallOffLoCurve_02": 0.0, "vFallOffLoCurve_03": 0.0, "vFallOffLoCurve_04": 0.0, "vFallOffLoCurve_05": 0.0, "vFallOffLoCurve_06": 0.0, "vFallOffLoCurve_07": 0.0, "vFallOffLoCurve_08": 0.0, "vFallOffLoCurve_09": 0.0, "vFallOff_ctrl_00": 0.0, "vFallOff_ctrl_01": 0.0, "vFallOff_ctrl_02": 0.0, "vFallOff_ctrl_03": 0.0, "vFallOff_ctrl_04": 0.0, "vFallOff_ctrl_05": 0.0, "vFallOff_ctrl_06": 0.0, "vFallOff_ctrl_07": 0.0, "vFallOff_ctrl_08": 0.0, "vFallOff_ctrl_09": 0.0, "vFallOff_ctrl_opposite_00": 0.0, "vFallOff_ctrl_opposite_01": 0.0, "vFallOff_ctrl_opposite_02": 0.0, "vFallOff_ctrl_opposite_03": 0.0, "vFallOff_ctrl_opposite_04": 0.0, "vFallOff_ctrl_opposite_05": 0.0, "vFallOff_ctrl_opposite_06": 0.0, "vFallOff_ctrl_opposite_07": 0.0, "vFallOff_ctrl_opposite_08": 0.0, "vFallOff_ctrl_opposite_09": 0.0}