{"weight_01": 1.0, "weight_02": 0.9900000000000002, "weight_03": 0.9600000000000001, "weight_04": 0.9300000000000002, "weight_05": 0.8800000000000001, "weight_06": 0.8200000000000001, "weight_07": 0.7100000000000002, "weight_08": 0.6300000000000001, "weight_09": 0.56, "weight_10": 0.0, "weight_11": 0.0, "weight_12": 0.0, "weight_13": 0.0, "weight_14": 0.0, "weight_15": 0.0, "weight_16": 0.0, "weight_17": 0.0, "weight_18": 0.0, "weight_19": 0.0, "weight_20": 0.0, "weight_21": 0.0, "weight_22": 0.0, "weight_23": 0.0, "weight_24": 0.0, "weight_25": 0.0, "weight_26": 0.0, "weight_27": 0.0, "weight_28": 0.0, "weight_29": 0.0, "weight_30": 0.0, "weight_31": 0.0, "weight_32": 0.0, "weight_33": 0.0, "vFallOff_01": 0.020000000000000004, "vFallOff_02": 0.030000000000000006, "vFallOff_03": 0.05, "vFallOff_04": 0.13000000000000003, "vFallOff_05": 0.22000000000000003, "vFallOff_06": 0.33000000000000007, "vFallOff_07": 0.47, "vFallOff_08": 0.6300000000000001, "vFallOff_09": 0.8200000000000001, "vFallOffMid_01": 0.9700000000000001, "vFallOffMid_02": 0.92, "vFallOffMid_03": 0.8500000000000001, "vFallOffMid_04": 0.7500000000000001, "vFallOffMid_05": 0.67, "vFallOffMid_06": 0.55, "vFallOffMid_07": 0.43000000000000005, "vFallOffMid_08": 0.32000000000000006, "vFallOffMid_09": 0.19000000000000003, "vFallOffUpCurve_00": 0.2600000000000001, "vFallOffUpCurve_01": 0.6700000000000004, "vFallOffUpCurve_02": 1.02, "vFallOffUpCurve_03": 1.1400000000000001, "vFallOffUpCurve_04": 1.2399999999999998, "vFallOffUpCurve_05": 0.0, "vFallOffUpCurve_06": 0.8100000000000003, "vFallOffUpCurve_07": 0.52, "vFallOffUpCurve_08": 0.26, "vFallOffUpCurve_09": 0.050000000000000044, "vFallOffLoCurve_00": 0.0, "vFallOffLoCurve_01": 0.0, "vFallOffLoCurve_02": 0.0, "vFallOffLoCurve_03": 0.0, "vFallOffLoCurve_04": 0.0, "vFallOffLoCurve_05": 0.0, "vFallOffLoCurve_06": 0.0, "vFallOffLoCurve_07": 0.0, "vFallOffLoCurve_08": 0.0, "vFallOffLoCurve_09": 0.0, "vFallOff_ctrl_00": 0.0, "vFallOff_ctrl_01": 0.0, "vFallOff_ctrl_02": 0.0, "vFallOff_ctrl_03": 0.0, "vFallOff_ctrl_04": 0.0, "vFallOff_ctrl_05": 0.0, "vFallOff_ctrl_06": 0.0, "vFallOff_ctrl_07": 0.0, "vFallOff_ctrl_08": 0.0, "vFallOff_ctrl_09": 0.0, "vFallOff_ctrl_opposite_00": 0.0, "vFallOff_ctrl_opposite_01": 0.0, "vFallOff_ctrl_opposite_02": 0.0, "vFallOff_ctrl_opposite_03": 0.0, "vFallOff_ctrl_opposite_04": 0.0, "vFallOff_ctrl_opposite_05": 0.0, "vFallOff_ctrl_opposite_06": 0.0, "vFallOff_ctrl_opposite_07": 0.0, "vFallOff_ctrl_opposite_08": 0.0, "vFallOff_ctrl_opposite_09": 0.0}