{"weight_01": 0.99, "weight_02": 0.98, "weight_03": 0.9700000000000001, "weight_04": 0.95, "weight_05": 0.8899999999999999, "weight_06": 0.7900000000000001, "weight_07": 0.65, "weight_08": 0.76, "weight_09": 0.73, "weight_10": 0.7, "weight_11": 0.67, "weight_12": 0.64, "weight_13": 0.61, "weight_14": 0.5800000000000001, "weight_15": 0.55, "weight_16": 0.52, "weight_17": 0.49, "weight_18": 0.45999999999999996, "weight_19": 0.43000000000000005, "weight_20": 0.4, "weight_21": 0.37, "weight_22": 0.3400000000000001, "weight_23": 0.31000000000000005, "weight_24": 0.28, "weight_25": 0.25, "weight_26": 0.21999999999999997, "weight_27": 0.19000000000000006, "vFallOff_01": 0.030000000000000006, "vFallOff_02": 0.07, "vFallOff_03": 0.1, "vFallOff_04": 0.19, "vFallOff_05": 0.3500000000000001, "vFallOff_06": 0.6100000000000001, "vFallOff_07": 0.81, "vFallOffMid_01": 0.0, "vFallOffMid_02": 0.0, "vFallOffMid_03": 0.0, "vFallOffMid_04": 0.0, "vFallOffMid_05": 0.0, "vFallOffMid_06": 0.0, "vFallOffMid_07": 0.0, "vFallOffUpCurve_00": 0.0, "vFallOffUpCurve_01": 0.0, "vFallOffUpCurve_02": 0.0, "vFallOffUpCurve_03": 0.0, "vFallOffUpCurve_04": 0.0, "vFallOffUpCurve_05": 0.0, "vFallOffUpCurve_06": 0.0, "vFallOffUpCurve_07": 0.0, "vFallOffLoCurve_00": 0.0, "vFallOffLoCurve_01": 0.0, "vFallOffLoCurve_02": 0.0, "vFallOffLoCurve_03": 0.0, "vFallOffLoCurve_04": 0.0, "vFallOffLoCurve_05": 0.0, "vFallOffLoCurve_06": 0.0, "vFallOffLoCurve_07": 0.0, "vFallOff_ctrl_00": 0.0, "vFallOff_ctrl_01": 0.0, "vFallOff_ctrl_02": 0.0, "vFallOff_ctrl_03": 0.0, "vFallOff_ctrl_04": 0.0, "vFallOff_ctrl_05": 0.0, "vFallOff_ctrl_06": 0.0, "vFallOff_ctrl_07": 0.0, "vFallOff_ctrl_opposite_00": 0.0, "vFallOff_ctrl_opposite_01": 0.0, "vFallOff_ctrl_opposite_02": 0.0, "vFallOff_ctrl_opposite_03": 0.0, "vFallOff_ctrl_opposite_04": 0.0, "vFallOff_ctrl_opposite_05": 0.0, "vFallOff_ctrl_opposite_06": 0.0, "vFallOff_ctrl_opposite_07": 0.0, "rotation_weight_00": 0.7111111111111111, "rotation_weight_01": 0.5444444444444445, "rotation_weight_02": 0.39999999999999997, "rotation_weight_03": 0.2777777777777778, "rotation_weight_04": 0.17777777777777778, "rotation_weight_05": 0.09999999999999999, "rotation_weight_06": 0.044444444444444446, "rotation_weight_07": 0.011111111111111112, "rotation_side_weight_00": 0.0, "rotation_side_weight_01": 0.0, "rotation_side_weight_02": 0.0, "rotation_side_weight_03": 0.0, "rotation_side_weight_04": 0.0, "rotation_side_weight_05": 0.0, "rotation_side_weight_06": 0.0, "rotation_side_weight_07": 0.0, "rotation_oppositeside_weight_00": 0.0, "rotation_oppositeside_weight_01": 0.0, "rotation_oppositeside_weight_02": 0.0, "rotation_oppositeside_weight_03": 0.0, "rotation_oppositeside_weight_04": 0.0, "rotation_oppositeside_weight_05": 0.0, "rotation_oppositeside_weight_06": 0.0, "rotation_oppositeside_weight_07": 0.0}