{"Max_r_eyebrows_surface.cv[0][0]": [-0.053342547128071516, 557.4133639765232, 44.42214183867981], "Max_r_eyebrows_surface.cv[0][1]": [-0.053342547128071516, 567.2367176583081, 45.55694266110603], "Max_r_eyebrows_surface.cv[0][2]": [-0.053342547128071516, 576.6369142821161, 44.87405936773255], "Max_r_eyebrows_surface.cv[0][3]": [-0.053342547128071516, 583.6969478172512, 41.028143724059404], "Max_r_eyebrows_surface.cv[1][0]": [-13.154807781045157, 557.4133639765232, 47.86052679413963], "Max_r_eyebrows_surface.cv[1][1]": [-14.02997062881374, 567.2367176583081, 48.71356927764386], "Max_r_eyebrows_surface.cv[1][2]": [-12.911592439776445, 576.6369142821161, 48.292177719320684], "Max_r_eyebrows_surface.cv[1][3]": [-11.275509719577204, 583.6969478172512, 42.64181891732411], "Max_r_eyebrows_surface.cv[2][0]": [-24.346326751720394, 557.4133639765232, 43.750193514183835], "Max_r_eyebrows_surface.cv[2][1]": [-26.23451707648596, 567.2367176583081, 44.93707509557157], "Max_r_eyebrows_surface.cv[2][2]": [-22.955090320905036, 576.6369142821161, 44.155810462735396], "Max_r_eyebrows_surface.cv[2][3]": [-18.80944892153592, 583.6969478172512, 39.39486770404396], "Max_r_eyebrows_surface.cv[3][0]": [-30.907407391374953, 557.4133639765232, 33.606005963436324], "Max_r_eyebrows_surface.cv[3][1]": [-30.367406211665426, 567.2367176583072, 33.66778002474219], "Max_r_eyebrows_surface.cv[3][2]": [-29.251326761289764, 575.1261536238395, 33.145860874187946], "Max_r_eyebrows_surface.cv[3][3]": [-26.869155705207714, 581.5751234325255, 32.512159720304304], "Max_l_eyebrows_surface.cv[0][0]": [0.053342547128071516, 557.4133639765232, 44.42214183867981], "Max_l_eyebrows_surface.cv[0][1]": [0.053342547128071516, 567.2367176583081, 45.55694266110603], "Max_l_eyebrows_surface.cv[0][2]": [0.053342547128071516, 576.6369142821161, 44.87405936773255], "Max_l_eyebrows_surface.cv[0][3]": [0.053342547128071516, 583.6969478172512, 41.028143724059404], "Max_l_eyebrows_surface.cv[1][0]": [13.154807781045157, 557.4133639765232, 47.86052679413963], "Max_l_eyebrows_surface.cv[1][1]": [14.02997062881374, 567.2367176583081, 48.71356927764386], "Max_l_eyebrows_surface.cv[1][2]": [12.911592439776447, 576.6369142821161, 48.292177719320684], "Max_l_eyebrows_surface.cv[1][3]": [11.275509719577204, 583.6969478172512, 42.64181891732411], "Max_l_eyebrows_surface.cv[2][0]": [24.346326751720394, 557.4133639765232, 43.750193514183835], "Max_l_eyebrows_surface.cv[2][1]": [26.23451707648596, 567.2367176583081, 44.93707509557157], "Max_l_eyebrows_surface.cv[2][2]": [22.955090320905036, 576.6369142821161, 44.155810462735396], "Max_l_eyebrows_surface.cv[2][3]": [18.80944892153592, 583.6969478172512, 39.39486770404396], "Max_l_eyebrows_surface.cv[3][0]": [30.907407391374953, 557.4133639765232, 33.606005963436324], "Max_l_eyebrows_surface.cv[3][1]": [30.367406211665426, 567.2367176583072, 33.66778002474219], "Max_l_eyebrows_surface.cv[3][2]": [29.251326761289764, 575.1261536238395, 33.145860874187946], "Max_l_eyebrows_surface.cv[3][3]": [26.869155705207714, 581.5751234325255, 32.512159720304304]}