{"Max_r_eyebrows_surface.cv[0][0]": [-0.053342547128071516, 557.4133639765232, 44.42214183867981], "Max_r_eyebrows_surface.cv[0][1]": [-0.053342547128071516, 569.9108645364802, 45.55694266110603], "Max_r_eyebrows_surface.cv[0][2]": [-0.053342547128071516, 585.2028106641128, 42.41956632272174], "Max_r_eyebrows_surface.cv[0][3]": [-0.053342547128071516, 592.2628441992479, 34.47182090775896], "Max_r_eyebrows_surface.cv[1][0]": [-11.669835954702922, 557.4133639765232, 44.42214183867981], "Max_r_eyebrows_surface.cv[1][1]": [-14.02997062881374, 569.9108645364802, 50.924331228188215], "Max_r_eyebrows_surface.cv[1][2]": [-15.189008547592849, 585.2028106641128, 47.31540081104965], "Max_r_eyebrows_surface.cv[1][3]": [-11.669835954702922, 592.2628441992479, 34.47182090775896], "Max_r_eyebrows_surface.cv[2][0]": [-28.132511931970797, 557.4133639765232, 41.207530500264234], "Max_r_eyebrows_surface.cv[2][1]": [-28.5009712453885, 569.9108645364802, 45.468144276641716], "Max_r_eyebrows_surface.cv[2][2]": [-25.502244630881677, 585.2028106641128, 41.99114085132073], "Max_r_eyebrows_surface.cv[2][3]": [-18.80944892153592, 592.2628441992479, 32.83854488774352], "Max_r_eyebrows_surface.cv[3][0]": [-33.036667453830425, 557.4133639765232, 27.64705438747648], "Max_r_eyebrows_surface.cv[3][1]": [-31.573795995331942, 569.9108645364793, 27.478427783538116], "Max_r_eyebrows_surface.cv[3][2]": [-30.955578329693434, 581.9682343755701, 25.47498622456076], "Max_r_eyebrows_surface.cv[3][3]": [-27.662819596818718, 590.1410198145222, 25.474906747108598], "Max_l_eyebrows_surface.cv[0][0]": [0.053342547128071516, 557.4133639765232, 44.42214183867981], "Max_l_eyebrows_surface.cv[0][1]": [0.053342547128071516, 569.9108645364802, 45.55694266110603], "Max_l_eyebrows_surface.cv[0][2]": [0.053342547128071516, 585.2028106641128, 42.41956632272174], "Max_l_eyebrows_surface.cv[0][3]": [0.053342547128071516, 592.2628441992479, 34.47182090775896], "Max_l_eyebrows_surface.cv[1][0]": [11.669835954702922, 557.4133639765232, 44.42214183867981], "Max_l_eyebrows_surface.cv[1][1]": [14.02997062881374, 569.9108645364802, 50.924331228188215], "Max_l_eyebrows_surface.cv[1][2]": [15.189008547592849, 585.2028106641128, 47.31540081104965], "Max_l_eyebrows_surface.cv[1][3]": [11.669835954702922, 592.2628441992479, 34.47182090775896], "Max_l_eyebrows_surface.cv[2][0]": [28.1325119319708, 557.4133639765232, 41.207530500264234], "Max_l_eyebrows_surface.cv[2][1]": [28.5009712453885, 569.9108645364802, 45.468144276641716], "Max_l_eyebrows_surface.cv[2][2]": [25.502244630881677, 585.2028106641128, 41.99114085132073], "Max_l_eyebrows_surface.cv[2][3]": [18.80944892153592, 592.2628441992479, 32.83854488774352], "Max_l_eyebrows_surface.cv[3][0]": [33.036667453830425, 557.4133639765232, 27.64705438747648], "Max_l_eyebrows_surface.cv[3][1]": [31.573795995331942, 569.9108645364793, 27.478427783538116], "Max_l_eyebrows_surface.cv[3][2]": [30.955578329693434, 581.9682343755701, 25.47498622456076], "Max_l_eyebrows_surface.cv[3][3]": [27.662819596818718, 590.1410198145222, 25.474906747108598]}