{"Max_r_eyebrows_surface.cv[0][0]": [-0.0005605812615829819, 126.99827598562467, 12.024685148575562], "Max_r_eyebrows_surface.cv[0][1]": [-0.0005605812615829819, 129.98907985962873, 12.024685148575562], "Max_r_eyebrows_surface.cv[0][2]": [-0.0005605812615829819, 132.9798837336328, 12.91260842920015], "Max_r_eyebrows_surface.cv[0][3]": [-0.0005605812615829819, 135.97068760763688, 11.87159522946263], "Max_r_eyebrows_surface.cv[1][0]": [-3.0755306589295612, 126.99827598562467, 11.888683159516146], "Max_r_eyebrows_surface.cv[1][1]": [-3.0755306589295612, 129.98907985962873, 12.158585356770883], "Max_r_eyebrows_surface.cv[1][2]": [-3.0755306589295612, 132.9798837336328, 11.888683159516146], "Max_r_eyebrows_surface.cv[1][3]": [-3.0755306589295612, 135.97068760763688, 11.776480015112172], "Max_r_eyebrows_surface.cv[2][0]": [-6.386286168887461, 126.99827598562467, 11.64056181376377], "Max_r_eyebrows_surface.cv[2][1]": [-6.563115801514579, 129.98907985962873, 11.986491156747428], "Max_r_eyebrows_surface.cv[2][2]": [-6.950628964217298, 132.9798837336328, 11.858752901284047], "Max_r_eyebrows_surface.cv[2][3]": [-6.300191842347131, 136.10542052811206, 9.800342491070346], "Max_r_eyebrows_surface.cv[3][0]": [-7.755688846965654, 126.99827598562467, 8.026810006281625], "Max_r_eyebrows_surface.cv[3][1]": [-7.550762345067431, 129.91482012399973, 8.380354394658415], "Max_r_eyebrows_surface.cv[3][2]": [-7.807207614339033, 131.95597270788, 8.398198120601219], "Max_r_eyebrows_surface.cv[3][3]": [-7.458569545538156, 133.79250372481403, 7.850116130092026], "Max_l_eyebrows_surface.cv[0][0]": [0.000560581261583426, 126.99827598562469, 12.024685148575562], "Max_l_eyebrows_surface.cv[0][1]": [0.000560581261583426, 129.98907985962873, 12.024685148575562], "Max_l_eyebrows_surface.cv[0][2]": [0.000560581261583426, 132.9798837336328, 12.91260842920015], "Max_l_eyebrows_surface.cv[0][3]": [0.000560581261583426, 135.97068760763688, 11.87159522946263], "Max_l_eyebrows_surface.cv[1][0]": [3.0755306589295617, 126.99827598562469, 11.888683159516146], "Max_l_eyebrows_surface.cv[1][1]": [3.0755306589295617, 129.98907985962873, 12.158585356770883], "Max_l_eyebrows_surface.cv[1][2]": [3.0755306589295617, 132.9798837336328, 11.888683159516146], "Max_l_eyebrows_surface.cv[1][3]": [3.0755306589295617, 135.97068760763688, 11.776480015112172], "Max_l_eyebrows_surface.cv[2][0]": [6.386286168887461, 126.99827598562469, 11.64056181376377], "Max_l_eyebrows_surface.cv[2][1]": [6.563115801514579, 129.98907985962873, 11.986491156747428], "Max_l_eyebrows_surface.cv[2][2]": [6.950628964217298, 132.9798837336328, 11.858752901284047], "Max_l_eyebrows_surface.cv[2][3]": [6.300191842347131, 136.10542052811206, 9.800342491070346], "Max_l_eyebrows_surface.cv[3][0]": [7.755688846965654, 126.99827598562469, 8.026810006281625], "Max_l_eyebrows_surface.cv[3][1]": [7.550762345067431, 129.91482012399973, 8.380354394658415], "Max_l_eyebrows_surface.cv[3][2]": [7.807207614339033, 131.95597270788, 8.398198120601219], "Max_l_eyebrows_surface.cv[3][3]": [7.458569545538156, 133.79250372481403, 7.850116130092026]}