{
"Max_l_eyebrows_surface.cv[0][0]": [0.2733076392499798, 19.294542838258675, 11.476058309999893],
"Max_l_eyebrows_surface.cv[0][1]": [0.8769015956623347, 25.39588785026198, 13.52948296929088],
"Max_l_eyebrows_surface.cv[0][2]": [-0.9268123513401121, 29.894508298514193, 8.156489896843198],
"Max_l_eyebrows_surface.cv[0][3]": [0.08494459150943601, 28.337459686706637, 0.1799781459166221],
"Max_l_eyebrows_surface.cv[1][0]": [6.507254355036004, 19.294542838258675, 17.45381535814361],
"Max_l_eyebrows_surface.cv[1][1]": [7.344485404076888, 25.951416542354675, 17.544858008603168],
"Max_l_eyebrows_surface.cv[1][2]": [6.714825712041378, 35.05104714243134, 9.68500008096353],
"Max_l_eyebrows_surface.cv[1][3]": [1.354867179882464, 33.37028741681108, 0.16139038903480807],
"Max_l_eyebrows_surface.cv[2][0]": [16.78400548518554, 19.294553482137953, 11.00714018176872],
"Max_l_eyebrows_surface.cv[2][1]": [15.39813533949929, 26.00804299305158, 13.52800045607328],
"Max_l_eyebrows_surface.cv[2][2]": [13.44985196374784, 34.66730988919286, 5.534989505167848],
"Max_l_eyebrows_surface.cv[2][3]": [11.221711685751963, 32.30776426742264, -2.4958043806814767],
"Max_l_eyebrows_surface.cv[3][0]": [14.760112828738146, 19.294552237234697, 3.0546338186461144],
"Max_l_eyebrows_surface.cv[3][1]": [14.463853500849783, 23.44748662742256, 3.2872839413401893],
"Max_l_eyebrows_surface.cv[3][2]": [14.188464365689999, 25.89268814174737, 0.9285352761153691],
"Max_l_eyebrows_surface.cv[3][3]": [11.732731973130711, 24.142656140953026, -4.373837540005106]
}