{"Max_r_eyebrows_surface.cv[0][0]": [-4.164660440875435, 21.100021505360594, 19.427744117807087], "Max_r_eyebrows_surface.cv[0][1]": [-4.164660440875435, 24.43335483869393, 19.427744117807087], "Max_r_eyebrows_surface.cv[0][2]": [-4.164660440875435, 27.766688172027262, 19.427744117807087], "Max_r_eyebrows_surface.cv[0][3]": [-4.164660440875435, 31.100021505360594, 19.427744117807087], "Max_r_eyebrows_surface.cv[1][0]": [-7.497993774208768, 21.100021505360594, 19.427744117807087], "Max_r_eyebrows_surface.cv[1][1]": [-7.497993774208768, 24.43335483869393, 19.427744117807087], "Max_r_eyebrows_surface.cv[1][2]": [-7.497993774208768, 27.766688172027262, 19.427744117807087], "Max_r_eyebrows_surface.cv[1][3]": [-7.497993774208768, 31.100021505360594, 19.427744117807087], "Max_r_eyebrows_surface.cv[2][0]": [-10.831327107542101, 21.100021505360594, 19.427744117807087], "Max_r_eyebrows_surface.cv[2][1]": [-10.831327107542101, 24.43335483869393, 19.427744117807087], "Max_r_eyebrows_surface.cv[2][2]": [-10.831327107542101, 27.766688172027262, 19.427744117807087], "Max_r_eyebrows_surface.cv[2][3]": [-10.831327107542101, 31.100021505360594, 19.427744117807087], "Max_r_eyebrows_surface.cv[3][0]": [-14.164660440875435, 21.100021505360594, 19.427744117807087], "Max_r_eyebrows_surface.cv[3][1]": [-14.164660440875435, 24.43335483869393, 19.427744117807087], "Max_r_eyebrows_surface.cv[3][2]": [-14.164660440875435, 27.766688172027262, 19.427744117807087], "Max_r_eyebrows_surface.cv[3][3]": [-14.164660440875435, 31.100021505360594, 19.427744117807087], "Max_l_eyebrows_surface.cv[0][0]": [0.27330763924998003, 19.294542838258675, 11.476058309999893], "Max_l_eyebrows_surface.cv[0][1]": [0.8769015956623347, 25.39588785026198, 13.52948296929088], "Max_l_eyebrows_surface.cv[0][2]": [-0.9268123513401125, 29.894508298514193, 8.156489896843198], "Max_l_eyebrows_surface.cv[0][3]": [0.08494459150943623, 28.337459686706637, 0.1799781459166212], "Max_l_eyebrows_surface.cv[1][0]": [6.507254355036004, 19.294542838258675, 17.45381535814361], "Max_l_eyebrows_surface.cv[1][1]": [7.344485404076888, 25.95141654235467, 17.544858008603168], "Max_l_eyebrows_surface.cv[1][2]": [6.714825712041378, 35.05104714243134, 9.68500008096353], "Max_l_eyebrows_surface.cv[1][3]": [1.354867179882464, 33.37028741681108, 0.16139038903480696], "Max_l_eyebrows_surface.cv[2][0]": [16.78400548518554, 19.294553482137953, 11.00714018176872], "Max_l_eyebrows_surface.cv[2][1]": [15.39813533949929, 26.008042993051575, 13.52800045607328], "Max_l_eyebrows_surface.cv[2][2]": [13.44985196374784, 34.66730988919286, 5.534989505167848], "Max_l_eyebrows_surface.cv[2][3]": [11.221711685751963, 32.30776426742264, -2.495804380681477], "Max_l_eyebrows_surface.cv[3][0]": [14.760112828738146, 19.294552237234697, 3.0546338186461135], "Max_l_eyebrows_surface.cv[3][1]": [14.463853500849783, 23.44748662742256, 3.2872839413401884], "Max_l_eyebrows_surface.cv[3][2]": [14.188464365689999, 25.89268814174737, 0.9285352761153689], "Max_l_eyebrows_surface.cv[3][3]": [11.732731973130711, 24.142656140953026, -4.3738375400051055]}