{"Max_r_eyebrows_surface.cv[0][0]": [-4.164660440875435, 21.100021505360594, 15.60144406386367], "Max_r_eyebrows_surface.cv[0][1]": [-4.164660440875435, 24.43335483869393, 15.60144406386367], "Max_r_eyebrows_surface.cv[0][2]": [-4.164660440875435, 27.766688172027262, 15.60144406386367], "Max_r_eyebrows_surface.cv[0][3]": [-4.164660440875435, 31.100021505360594, 15.60144406386367], "Max_r_eyebrows_surface.cv[1][0]": [-7.497993774208768, 21.100021505360594, 15.60144406386367], "Max_r_eyebrows_surface.cv[1][1]": [-7.497993774208768, 24.43335483869393, 15.60144406386367], "Max_r_eyebrows_surface.cv[1][2]": [-7.497993774208768, 27.766688172027262, 15.60144406386367], "Max_r_eyebrows_surface.cv[1][3]": [-7.497993774208768, 31.100021505360594, 15.60144406386367], "Max_r_eyebrows_surface.cv[2][0]": [-10.831327107542101, 21.100021505360594, 15.60144406386367], "Max_r_eyebrows_surface.cv[2][1]": [-10.831327107542101, 24.43335483869393, 15.60144406386367], "Max_r_eyebrows_surface.cv[2][2]": [-10.831327107542101, 27.766688172027262, 15.60144406386367], "Max_r_eyebrows_surface.cv[2][3]": [-10.831327107542101, 31.100021505360594, 15.60144406386367], "Max_r_eyebrows_surface.cv[3][0]": [-14.164660440875435, 21.100021505360594, 10.35257383893104], "Max_r_eyebrows_surface.cv[3][1]": [-14.164660440875435, 24.43335483869393, 10.35257383893104], "Max_r_eyebrows_surface.cv[3][2]": [-14.164660440875435, 27.766688172027262, 10.35257383893104], "Max_r_eyebrows_surface.cv[3][3]": [-14.164660440875435, 31.100021505360594, 10.35257383893104], "Max_l_eyebrows_surface.cv[0][0]": [0.27330763924998003, 19.29454283825868, 11.476058309999894], "Max_l_eyebrows_surface.cv[0][1]": [0.8769015956623356, 25.395887850261982, 13.52948296929088], "Max_l_eyebrows_surface.cv[0][2]": [-0.9268123513401116, 29.894508298514197, 8.1564898968432], "Max_l_eyebrows_surface.cv[0][3]": [0.08494459150943623, 28.337459686706637, 0.1799781459166212], "Max_l_eyebrows_surface.cv[1][0]": [6.507254355036005, 19.29454283825868, 17.453815358143608], "Max_l_eyebrows_surface.cv[1][1]": [7.344485404076889, 25.951416542354675, 17.544858008603164], "Max_l_eyebrows_surface.cv[1][2]": [6.714825712041378, 35.051047142431344, 9.685000080963531], "Max_l_eyebrows_surface.cv[1][3]": [1.354867179882465, 33.37028741681108, 0.16139038903480696], "Max_l_eyebrows_surface.cv[2][0]": [16.78400548518554, 19.294553482137957, 11.00714018176872], "Max_l_eyebrows_surface.cv[2][1]": [15.39813533949929, 26.008042993051582, 13.528000456073277], "Max_l_eyebrows_surface.cv[2][2]": [13.449851963747841, 34.667309889192865, 5.534989505167848], "Max_l_eyebrows_surface.cv[2][3]": [11.221711685751963, 32.30776426742264, -2.495804380681477], "Max_l_eyebrows_surface.cv[3][0]": [14.760112828738146, 19.2945522372347, 3.0546338186461135], "Max_l_eyebrows_surface.cv[3][1]": [14.463853500849783, 23.447486627422563, 3.2872839413401866], "Max_l_eyebrows_surface.cv[3][2]": [14.18846436569, 25.892688141747378, 0.9285352761153689], "Max_l_eyebrows_surface.cv[3][3]": [11.732731973130713, 24.14265614095303, -4.373837540005107]}