{"Max_l_eyebrows_surface.cv[0][0]": [0.27330763924998003, 19.29454283825868, 11.476058309999894], "Max_l_eyebrows_surface.cv[0][1]": [0.7930520704818527, 24.894868503537175, 13.633167630288957], "Max_l_eyebrows_surface.cv[0][2]": [-0.835597103129829, 27.86723848108228, 10.80648162409432], "Max_l_eyebrows_surface.cv[0][3]": [0.08494459150943623, 28.337459686706637, 0.1799781459166212], "Max_l_eyebrows_surface.cv[1][0]": [6.507254355036004, 19.29454283825868, 17.453815358143608], "Max_l_eyebrows_surface.cv[1][1]": [7.344485404076888, 25.95141654235468, 17.544858008603164], "Max_l_eyebrows_surface.cv[1][2]": [6.714825712041378, 35.051047142431344, 9.685000080963531], "Max_l_eyebrows_surface.cv[1][3]": [1.354867179882465, 33.37028741681108, 0.16139038903480696], "Max_l_eyebrows_surface.cv[2][0]": [16.78400548518554, 19.294553482137957, 11.00714018176872], "Max_l_eyebrows_surface.cv[2][1]": [15.39813533949929, 26.008042993051582, 13.528000456073277], "Max_l_eyebrows_surface.cv[2][2]": [13.449851963747841, 34.667309889192865, 5.534989505167848], "Max_l_eyebrows_surface.cv[2][3]": [11.221711685751963, 32.30776426742264, -2.495804380681477], "Max_l_eyebrows_surface.cv[3][0]": [14.760112828738144, 19.2945522372347, 3.0546338186461135], "Max_l_eyebrows_surface.cv[3][1]": [15.211678426304921, 22.181782343490294, 4.513051053563467], "Max_l_eyebrows_surface.cv[3][2]": [14.334375060851375, 25.631519109405733, 1.7632139983382302], "Max_l_eyebrows_surface.cv[3][3]": [11.732731973130713, 24.14265614095303, -4.373837540005109]}