{"l_eyelit_upp_curve.cv[0]": [0.2431262582540512, 18.53609848022461, 7.393335819244385], "l_eyelit_low_curve.cv[0]": [0.2431262582540512, 18.53609848022461, 7.393335819244385], "l_eyelit_upp_curve.cv[1]": [1.0774139326509728, 18.544013919444616, 11.549022543776838], "l_eyelit_low_curve.cv[1]": [1.077956914402253, 18.38708335027337, 11.548894844392342], "l_eyelit_upp_curve.cv[2]": [10.344382069171068, 18.541935242778276, 14.186673409673453], "l_eyelit_low_curve.cv[2]": [10.344386473148838, 18.439378041542017, 14.186649981480436], "l_eyelit_upp_curve.cv[3]": [14.068626425192837, 18.526547998797646, 5.024540527375007], "l_eyelit_low_curve.cv[3]": [14.067901256198674, 18.371875989946783, 5.025101555837583], "l_eyelit_upp_curve.cv[4]": [11.142050743103027, 18.574260711669922, 1.5853266716003418], "l_eyelit_low_curve.cv[4]": [11.142050743103027, 18.574260711669922, 1.5853266716003418]}