{"r_eyelit_upp_curve.cv[0]": [-0.2431262582540512, 18.53609848022461, 7.393335819244385], "r_eyelit_low_curve.cv[0]": [-0.2431262582540512, 18.53609848022461, 7.393335819244385], "r_eyelit_upp_curve.cv[1]": [-1.0774139326509733, 18.648496508598317, 11.549022543776838], "r_eyelit_low_curve.cv[1]": [-1.077956914402253, 18.648496508598317, 11.548894844392342], "r_eyelit_upp_curve.cv[2]": [-10.344382069171068, 18.648496508598317, 14.186673409673453], "r_eyelit_low_curve.cv[2]": [-10.344386473148838, 18.648496508598317, 14.186649981480436], "r_eyelit_upp_curve.cv[3]": [-14.068626425192837, 18.648496508598317, 5.024540527375007], "r_eyelit_low_curve.cv[3]": [-14.067901256198674, 18.648496508598317, 5.025101555837583], "r_eyelit_upp_curve.cv[4]": [-11.142050743103027, 18.574260711669922, 1.5853266716003418], "r_eyelit_low_curve.cv[4]": [-11.142050743103027, 18.574260711669922, 1.5853266716003418], "l_eyelit_upp_curve.cv[0]": [0.2431262582540512, 18.53609848022461, 7.393335819244385], "l_eyelit_low_curve.cv[0]": [0.2431262582540512, 18.53609848022461, 7.393335819244385], "l_eyelit_upp_curve.cv[1]": [1.0774139326509733, 18.648496508598317, 11.549022543776838], "l_eyelit_low_curve.cv[1]": [1.077956914402253, 18.648496508598317, 11.548894844392342], "l_eyelit_upp_curve.cv[2]": [10.344382069171068, 18.648496508598317, 14.186673409673453], "l_eyelit_low_curve.cv[2]": [10.344386473148838, 18.648496508598317, 14.186649981480436], "l_eyelit_upp_curve.cv[3]": [14.068626425192837, 18.648496508598317, 5.024540527375007], "l_eyelit_low_curve.cv[3]": [14.067901256198674, 18.648496508598317, 5.025101555837583], "l_eyelit_upp_curve.cv[4]": [11.142050743103027, 18.574260711669922, 1.5853266716003418], "l_eyelit_low_curve.cv[4]": [11.142050743103027, 18.574260711669922, 1.5853266716003418]}