{"l_eyelit_upp_curve.cv[0]": [4.710768699645996, 556.8753051757812, 38.28561019897461], "l_eyelit_low_curve.cv[0]": [4.710768699645996, 556.8753051757812, 38.28561019897461], "l_eyelit_upp_curve.cv[1]": [10.027238845825195, 556.8566646575928, 42.0177843764425], "l_eyelit_low_curve.cv[1]": [10.027238845825195, 556.8566646575928, 42.0177843764425], "l_eyelit_upp_curve.cv[2]": [14.188512802124023, 556.8566646575928, 42.19617106467492], "l_eyelit_low_curve.cv[2]": [14.188512802124023, 556.8566646575928, 42.19617106467492], "l_eyelit_upp_curve.cv[3]": [18.379959106445312, 556.8566646575928, 40.53053309470422], "l_eyelit_low_curve.cv[3]": [18.379959106445312, 556.8566646575928, 40.53053309470422], "l_eyelit_upp_curve.cv[4]": [22.239086151123047, 556.8900756835938, 34.95240020751953], "l_eyelit_low_curve.cv[4]": [22.239086151123047, 556.8900756835938, 34.95240020751953]}