{"Max_eyelid_guide": {"guide0": 0.0, "guide1": 0.035, "guide2": 0.060000000000000005, "guide3": 0.085, "guide4": 0.13, "guide5": 0.16999999999999998, "guide6": 0.215, "guide7": 0.27, "guide8": 0.335, "guide9": 0.415, "guide10": 0.5, "guide11": 0.585, "guide12": 0.6600000000000001, "guide13": 0.73, "guide14": 0.79, "guide15": 0.84, "guide16": 0.8800000000000001, "guide17": 0.9200000000000002, "guide18": 0.9500000000000001, "guide19": 0.975, "guide20": 1.0}}