{"Max_eyelid_guide": {"guide0": 0.0, "guide1": 0.036, "guide2": 0.087, "guide3": 0.15999999999999998, "guide4": 0.2533333333333333, "guide5": 0.364, "guide6": 0.5, "guide7": 0.6333333333333333, "guide8": 0.76, "guide9": 0.85, "guide10": 0.9133333333333333, "guide11": 0.964, "guide12": 1.0}}