{"Max_head01_jnt": {"parent": "Max_neck02_jnt", "pos": [0.0, 529.78857421875, 8.43742847442627], "oriX": 0.0, "oriY": -0.0, "oriZ": 0.0}, "Max_facelow_jnt": {"parent": "Max_head01_jnt", "pos": [0.0, 534.4259643554688, 20.61598014831543], "oriX": 0.0, "oriY": -0.0, "oriZ": 0.0}, "Max_facemid_jnt": {"parent": "Max_head01_jnt", "pos": [0.0, 557.1463436976934, 27.52017804448316], "oriX": 0.0, "oriY": -0.0, "oriZ": 0.0}, "Max_faceupp_jnt": {"parent": "Max_facemid_jnt", "pos": [0.0, 570.205078125, 27.427398681640625], "oriX": 0.0, "oriY": -0.0, "oriZ": 0.0}, "Max_head02_end_jnt": {"parent": "Max_head01_jnt", "pos": [-1.8519991636276245, 598.9049072265625, 17.826244354248047], "oriX": 0.0, "oriY": -0.0, "oriZ": 0.0}, "Max_facejaw_jnt": {"parent": "Max_facelow_jnt", "pos": [0.0, 534.2476196289062, 13.7401762008667], "oriX": 0.0, "oriY": -0.0, "oriZ": 0.0}, "Max_neck01_jnt": {"parent": "none", "pos": [0.0, 496.9489440917969, -3.0234038829803467], "oriX": 0.0, "oriY": 0.0, "oriZ": 0.0}, "Max_neck02_jnt": {"parent": "Max_neck01_jnt", "pos": [0.0, 520.834228515625, 3.443512439727783], "oriX": 0.0, "oriY": -0.0, "oriZ": 0.0}, "Max_nosemas_jnt": {"parent": "Max_facemid_jnt", "pos": [0.0, 551.0506591796875, 44.90481948852539], "oriX": 0.0, "oriY": -0.0, "oriZ": 0.0}, "Max_nosetip_jnt": {"parent": "Max_nosemas_jnt", "pos": [0.0, 542.6412353515625, 54.61870574951172], "oriX": 0.0, "oriY": -0.0, "oriZ": 0.0}, "Max_l_eyeball_jnt": {"parent": "Max_l_eyesock_jnt", "pos": [11.912151336669922, 557.4566650390625, 27.524681091308594], "oriX": 0.0, "oriY": -0.0, "oriZ": 0.0}, "Max_r_eyeball_jnt": {"parent": "Max_r_eyesock_jnt", "pos": [-11.912151336669922, 557.4566650390625, 27.524681091308594], "oriX": 0.0, "oriY": -0.0, "oriZ": 0.0}, "Max_l_eyesock_jnt": {"parent": "Max_facemid_jnt", "pos": [11.912162780761719, 557.4566650390625, 39.87190246582031], "oriX": 0.0, "oriY": -0.0, "oriZ": 0.0}, "Max_r_eyesock_jnt": {"parent": "Max_facemid_jnt", "pos": [-11.912162780761719, 557.4566650390625, 39.87190246582031], "oriX": 0.0, "oriY": -0.0, "oriZ": 0.0}, "Max_l_cheek1_jnt": {"parent": "Max_facelow_jnt", "pos": [8.358207702636719, 548.3283081054688, 42.10480880737305], "oriX": 0.0, "oriY": -0.0, "oriZ": 0.0}, "Max_r_cheek1_jnt": {"parent": "Max_facelow_jnt", "pos": [-8.358207702636719, 548.3283081054688, 42.10480880737305], "oriX": 0.0, "oriY": -0.0, "oriZ": 0.0}, "Max_l_cheek2_jnt": {"parent": "Max_facelow_jnt", "pos": [21.368179321289062, 544.477783203125, 40.07781982421875], "oriX": 0.0, "oriY": -0.0, "oriZ": 0.0}, "Max_r_cheek2_jnt": {"parent": "Max_facelow_jnt", "pos": [-21.368179321289062, 544.477783203125, 40.07781982421875], "oriX": 0.0, "oriY": -0.0, "oriZ": 0.0}, "Max_l_snees_jnt": {"parent": "Max_nosemas_jnt", "pos": [3.6884381771087646, 538.3029174804688, 47.211395263671875], "oriX": 0.0, "oriY": -0.0, "oriZ": 0.0}, "Max_r_snees_jnt": {"parent": "Max_nosemas_jnt", "pos": [-3.6884381771087646, 538.3029174804688, 47.211395263671875], "oriX": 0.0, "oriY": -0.0, "oriZ": 0.0}, "Max_l_ears01_jnt": {"parent": "Max_facemid_jnt", "pos": [34.010948181152344, 543.9275512695312, 4.651042938232422], "oriX": 0.0, "oriY": -0.0, "oriZ": 0.0}, "Max_r_ears01_jnt": {"parent": "Max_facemid_jnt", "pos": [-34.010948181152344, 543.9275512695312, 4.651042938232422], "oriX": 0.0, "oriY": -0.0, "oriZ": 0.0}, "Max_l_ears02_jnt": {"parent": "Max_l_ears01_jnt", "pos": [38.68433380126953, 547.357177734375, -5.880387783050537], "oriX": 0.0, "oriY": -0.0, "oriZ": 0.0}, "Max_r_ears02_jnt": {"parent": "Max_r_ears01_jnt", "pos": [-38.68433380126953, 547.357177734375, -5.880387783050537], "oriX": 0.0, "oriY": -0.0, "oriZ": 0.0}}