{"Max_head01_jnt": {"parent": "Max_neck02_jnt", "pos": [0.0, 123.15499877929688, -0.15000000596046448], "oriX": 0.0, "oriY": -0.0, "oriZ": 0.0}, "Max_facelow_jnt": {"parent": "Max_head01_jnt", "pos": [0.0, 124.11199951171875, 4.966000080108643], "oriX": 0.0, "oriY": -0.0, "oriZ": 0.0}, "Max_facemid_jnt": {"parent": "Max_head01_jnt", "pos": [0.0, 126.80400085449219, 8.41100025177002], "oriX": 0.0, "oriY": -0.0, "oriZ": 0.0}, "Max_faceupp_jnt": {"parent": "Max_facemid_jnt", "pos": [0.0, 130.71600341796875, 8.41100025177002], "oriX": 0.0, "oriY": -0.0, "oriZ": 0.0}, "Max_head02_end_jnt": {"parent": "Max_head01_jnt", "pos": [0.0, 141.4340057373047, 3.4769999980926514], "oriX": 0.0, "oriY": -0.0, "oriZ": 0.0}, "Max_l_eyeball_jnt": {"parent": "Max_l_eyesock_jnt", "pos": [3.4616305828094482, 127.28402709960938, 7.516880989074707], "oriX": 0.0, "oriY": -0.0, "oriZ": 0.0}, "Max_r_eyeball_jnt": {"parent": "Max_r_eyesock_jnt", "pos": [-3.4616312980651855, 127.28402709960938, 7.516880989074707], "oriX": 0.0, "oriY": -0.0, "oriZ": 0.0}, "Max_l_eyesock_jnt": {"parent": "Max_facemid_jnt", "pos": [3.4616305828094482, 127.28402709960938, 9.6955037808923], "oriX": 0.0, "oriY": -0.0, "oriZ": 0.0}, "Max_r_eyesock_jnt": {"parent": "Max_facemid_jnt", "pos": [-3.4616312980651855, 127.28402709960938, 9.6955037808923], "oriX": 0.0, "oriY": -0.0, "oriZ": 0.0}}