{"Max_l_eyeball_grp": {"parent": "Max_l_eyesock_jnt", "pos": [6.1369027895852915, 19.448496699333184, 5.516643859446049], "oriX": 0.0, "oriY": 0.0, "oriZ": 0.0}, "Max_l_eyeball_jnt": {"parent": "Max_l_eyesock_jnt", "pos": [6.1369027895852915, 19.44849669933318, 5.516643859446049], "oriX": 0.0, "oriY": 0.0, "oriZ": 0.0}, "Max_l_eyesock_jnt": {"parent": "Max_facemid_jnt", "pos": [6.136906668543815, 19.448494613170617, 8.945851027965546], "oriX": 0.0, "oriY": -0.0, "oriZ": -89.99999999999999}, "Max_r_eyeball_grp": {"parent": "Max_r_eyesock_jnt", "pos": [-6.136902789585293, 19.448496699333184, 5.516643859446049], "oriX": 0.0, "oriY": 0.0, "oriZ": 0.0}, "Max_r_eyeball_jnt": {"parent": "Max_r_eyesock_jnt", "pos": [-6.1369027895852915, 19.44849669933318, 5.516643859446049], "oriX": 0.0, "oriY": 0.0, "oriZ": 0.0}, "Max_r_eyesock_jnt": {"parent": "Max_facemid_jnt", "pos": [-6.1369066685438165, 19.448494613170617, 8.945851027965546], "oriX": 0.0, "oriY": -0.0, "oriZ": -89.99999999999999}, "Max_faceupp_jnt": {"parent": "Max_facemid_jnt", "pos": [1.2947989469660643e-15, 21.4962675669181, -0.29399999999999993], "oriX": 0.0, "oriY": 50.0, "oriZ": 0.0}, "Max_facemid_jnt": {"parent": "max_c_root_jnt", "pos": [1.2947989469660637e-15, 18.223404255319153, -0.29399999999999993], "oriX": 0.0, "oriY": -0.0, "oriZ": 0.0}, "Max_facelow_jnt": {"parent": "Max_head01_jnt", "pos": [1.344664698208063e-15, 11.329787234042554, 4.440892098500626e-16], "oriX": 0.0, "oriY": 0.0, "oriZ": -89.99999999999999}, "Max_c_tophead_06_jnt": {"parent": "Max_c_tophead_05_jnt", "pos": [2.828129867143363e-14, 14.785950673386886, -48.01281412591463], "oriX": 89.99999999999997, "oriY": -0.0, "oriZ": 0.0}, "Max_c_tophead_05_jnt": {"parent": "Max_c_tophead_04_jnt", "pos": [1.5684674764228184e-14, 17.465685318787305, -40.41574016801098], "oriX": 0.0, "oriY": 2.4414913107365535, "oriZ": 0.0}, "Max_c_tophead_04_jnt": {"parent": "Max_c_tophead_03_jnt", "pos": [1.5472469421995635e-14, 20.383694077179147, -30.86415507816951], "oriX": 0.0, "oriY": 5.520499122645025, "oriZ": 0.0}, "Max_c_tophead_03_jnt": {"parent": "Max_c_tophead_02_jnt", "pos": [1.091347191511439e-14, 22.392948302778063, -20.9595213881406], "oriX": 0.0, "oriY": 8.348126612091589, "oriZ": 0.0}, "Max_c_tophead_02_jnt": {"parent": "Max_c_tophead_01_jnt", "pos": [3.3488420587076808e-15, 22.86354597840328, -12.324007471571312], "oriX": -3.2973394424248292e-15, "oriY": 7.36517896001962, "oriZ": -5.123118161572964e-14}, "Max_c_tophead_01_jnt": {"parent": "Max_head02_end_jnt", "pos": [1.8518209022949834e-15, 22.345535278320284, -5.346568107604991], "oriX": 0.0, "oriY": 31.102652797856805, "oriZ": 0.0}, "Max_head02_end_jnt": {"parent": "Max_head01_jnt", "pos": [1.5933323929637748e-15, 21.27128028869629, -3.8320660591125453], "oriX": -5.49962344439013e-16, "oriY": 54.651451795963624, "oriZ": -1.0643596753224787e-15}, "Max_head01_jnt": {"parent": "Max_c_chest_jnt", "pos": [1.5828522018701209e-15, 9.676281535258164, -0.29399999999999993], "oriX": 0.0, "oriY": 0.0, "oriZ": 0.0}, "Max_c_chest_jnt": {"parent": "max_c_root_jnt", "pos": [8.055700492114923e-16, 6.368929862976076, -0.2940000000000001], "oriX": 0.0, "oriY": 0.0, "oriZ": 0.0}, "max_c_root_jnt": {"parent": "max_c_root_jnt", "pos": [-1.3877787807814457e-17, 2.740964889526367, -0.294], "oriX": 0.0, "oriY": -0.0, "oriZ": 89.99999999999999}}