{"Max_mouth_surface.cv[0][0]": [-3.590549709302619, 118.25425040184183, 3.7008637865302774], "Max_mouth_surface.cv[0][1]": [-7.056419233080454, 120.15529298856589, 4.9009656018898085], "Max_mouth_surface.cv[0][2]": [-7.7436162053804125, 123.73879731263628, 5.765667949445273], "Max_mouth_surface.cv[0][3]": [-7.7436162053804125, 126.62713776043873, 6.462626719384502], "Max_mouth_surface.cv[1][0]": [-2.901458221538572, 116.28514487319978, 11.58999631511734], "Max_mouth_surface.cv[1][1]": [-5.294426627390554, 118.93301211254885, 13.151703126909965], "Max_mouth_surface.cv[1][2]": [-5.191058358285192, 122.76956170268568, 14.288404567683692], "Max_mouth_surface.cv[1][3]": [-5.294426627390554, 125.09450262680588, 13.64030325773546], "Max_mouth_surface.cv[2][0]": [2.9014582215385687, 116.28514487319978, 11.58999631511734], "Max_mouth_surface.cv[2][1]": [5.294426627390547, 118.93301211254885, 13.151703126909965], "Max_mouth_surface.cv[2][2]": [5.39779489649591, 122.76956170268568, 14.288404567683692], "Max_mouth_surface.cv[2][3]": [5.294426627390548, 125.09450262680588, 13.64030325773546], "Max_mouth_surface.cv[3][0]": [3.590549709302619, 118.25425040184183, 3.7008637865302774], "Max_mouth_surface.cv[3][1]": [7.056419233080454, 120.15529298856589, 4.9009656018898085], "Max_mouth_surface.cv[3][2]": [7.7436162053804125, 123.73879731263628, 5.765667949445273], "Max_mouth_surface.cv[3][3]": [7.7436162053804125, 126.62713776043873, 6.462626719384502], "c_upp_00_mouth_guide": [3.844200798e-17, 121.7598712, 12.12240672], "l_upp_01_mouth_guide": [0.3621360362, 121.752692, 12.13073134], "l_upp_02_mouth_guide": [0.7557423115, 121.7760608, 12.09686542], "l_upp_03_mouth_guide": [1.17785418, 121.7725208, 12.02696651], "l_upp_04_mouth_guide": [1.647969723, 121.7342059, 11.85660178], "l_upp_05_mouth_guide": [2.06574893, 121.6786792, 11.61322695], "l_upp_06_mouth_guide": [2.446698666, 121.614722, 11.37244803], "l_upp_07_mouth_guide": [2.787398577, 121.5448215, 11.1528002], "l_upp_08_mouth_guide": [3.069718361, 121.3808582, 10.93562999], "l_cor_09_mouth_guide": [3.241208792, 121.015686, 10.75758362], "c_low_00_mouth_guide": [-1.770867828e-16, 120.2571976, 11.67667557], "l_low_01_mouth_guide": [0.4392153621, 120.2544739, 11.65704899], "l_low_02_mouth_guide": [0.8897188902, 120.2666733, 11.56472107], "l_low_03_mouth_guide": [1.347976089, 120.2931244, 11.45164041], "l_low_04_mouth_guide": [1.76586926, 120.3284561, 11.28905087], "l_low_05_mouth_guide": [2.192199945, 120.4139816, 11.10533828], "l_low_06_mouth_guide": [2.539627075, 120.5021317, 10.93419722], "l_low_07_mouth_guide": [2.833463669, 120.639064, 10.8035546], "l_low_08_mouth_guide": [3.09012866, 120.8581039, 10.73341061], "r_upp_01_mouth_guide": [-0.3621360362, 121.752692, 12.13073134], "r_upp_02_mouth_guide": [-0.7557423115, 121.7760608, 12.09686542], "r_upp_03_mouth_guide": [-1.17785418, 121.7725208, 12.02696651], "r_upp_04_mouth_guide": [-1.647969723, 121.7342059, 11.85660178], "r_upp_05_mouth_guide": [-2.06574893, 121.6786792, 11.61322695], "r_upp_06_mouth_guide": [-2.446698666, 121.614722, 11.37244803], "r_upp_07_mouth_guide": [-2.787398577, 121.5448215, 11.1528002], "r_upp_08_mouth_guide": [-3.069718361, 121.3808582, 10.93562999], "r_cor_09_mouth_guide": [-3.241208792, 121.015686, 10.75758362], "r_low_01_mouth_guide": [-0.4392153621, 120.2544739, 11.65704899], "r_low_02_mouth_guide": [-0.8897188902, 120.2666733, 11.56472107], "r_low_03_mouth_guide": [-1.347976089, 120.2931244, 11.45164041], "r_low_04_mouth_guide": [-1.76586926, 120.3284561, 11.28905087], "r_low_05_mouth_guide": [-2.192199945, 120.4139816, 11.10533828], "r_low_06_mouth_guide": [-2.539627075, 120.5021317, 10.93419722], "r_low_07_mouth_guide": [-2.833463669, 120.639064, 10.8035546], "r_low_08_mouth_guide": [-3.09012866, 120.8581039, 10.73341061]}