{"Max_mouth_surface.cv[0][0]": [-5.127523632472118, 119.10661608229952, 2.775290381602133], "Max_mouth_surface.cv[0][1]": [-7.692905983599372, 121.10971061528448, 3.7192314093336627], "Max_mouth_surface.cv[0][2]": [-8.253437566894318, 123.51958983509444, 4.36322523607115], "Max_mouth_surface.cv[0][3]": [-8.569645518108313, 126.08347386385238, 4.461531451394638], "Max_mouth_surface.cv[1][0]": [-5.074421096281401, 115.6571591201252, 11.328758827927677], "Max_mouth_surface.cv[1][1]": [-6.703416868771196, 118.15409986616378, 14.51957048658603], "Max_mouth_surface.cv[1][2]": [-6.725087033420754, 121.37689838316409, 16.321928274359617], "Max_mouth_surface.cv[1][3]": [-8.32587067354763, 125.11355865728925, 14.70810535443252], "Max_mouth_surface.cv[2][0]": [5.0744210962814025, 115.6571591201252, 11.328758827927677], "Max_mouth_surface.cv[2][1]": [6.703416868771196, 118.15409986616378, 14.51957048658603], "Max_mouth_surface.cv[2][2]": [6.725087033420756, 121.37689838316409, 16.321928274359617], "Max_mouth_surface.cv[2][3]": [8.325870673547632, 125.11355865728925, 14.70810535443252], "Max_mouth_surface.cv[3][0]": [5.127523632472118, 119.10661608229952, 2.775290381602133], "Max_mouth_surface.cv[3][1]": [7.692905983599372, 121.10971061528448, 3.7192314093336627], "Max_mouth_surface.cv[3][2]": [8.253437566894318, 123.51958983509444, 4.36322523607115], "Max_mouth_surface.cv[3][3]": [8.569645518108313, 126.08347386385238, 4.461531451394638], "c_upp_00_mouth_guide": [3.8442007975985184e-17, 121.89891052246094, 12.5574312210083], "l_upp_01_mouth_guide": [0.36213603615760803, 121.89173126220703, 12.565755844116211], "l_upp_02_mouth_guide": [0.7557423114776611, 121.91510009765625, 12.531889915466309], "l_upp_03_mouth_guide": [1.1778541803359985, 121.91156005859375, 12.41855239868164], "l_upp_04_mouth_guide": [1.6479697227478027, 121.87324523925781, 12.203163146972656], "l_upp_05_mouth_guide": [2.065748929977417, 121.81771850585938, 11.946269989013672], "l_upp_06_mouth_guide": [2.4466986656188965, 121.7537612915039, 11.654600143432617], "l_upp_07_mouth_guide": [2.78739857673645, 121.6838607788086, 11.355290412902832], "l_upp_08_mouth_guide": [3.069718360900879, 121.5198974609375, 11.113448143005371], "l_upp_09_mouth_guide": [3.2098522186279297, 121.29435729980469, 10.891902923583984], "l_cor_10_mouth_guide": [3.241208791732788, 121.01568603515625, 10.757583618164062], "c_low_00_mouth_guide": [-1.7708678276740262e-16, 119.98514556884766, 11.93201732635498], "l_low_01_mouth_guide": [0.43921536207199097, 119.982421875, 11.876602172851562], "l_low_02_mouth_guide": [0.8897188901901245, 119.99462127685547, 11.784015655517578], "l_low_03_mouth_guide": [1.3479760885238647, 120.02107238769531, 11.632936477661133], "l_low_04_mouth_guide": [1.7658692598342896, 120.05640411376953, 11.470453262329102], "l_low_05_mouth_guide": [2.192199945449829, 120.14192962646484, 11.304892539978027], "l_low_06_mouth_guide": [2.5396270751953125, 120.2300796508789, 11.1270170211792], "l_low_07_mouth_guide": [2.833463668823242, 120.36701202392578, 10.966130256652832], "l_low_08_mouth_guide": [3.0901286602020264, 120.58605194091797, 10.825654983520508], "l_low_09_mouth_guide": [3.2147555351257324, 120.81158447265625, 10.739567756652832], "r_upp_01_mouth_guide": [-0.36213603615760803, 121.89173126220703, 12.565755844116211], "r_upp_02_mouth_guide": [-0.7557423114776611, 121.91510009765625, 12.531889915466309], "r_upp_03_mouth_guide": [-1.1778541803359985, 121.91156005859375, 12.41855239868164], "r_upp_04_mouth_guide": [-1.6479697227478027, 121.87324523925781, 12.203163146972656], "r_upp_05_mouth_guide": [-2.065748929977417, 121.81771850585938, 11.946269989013672], "r_upp_06_mouth_guide": [-2.4466986656188965, 121.7537612915039, 11.654600143432617], "r_upp_07_mouth_guide": [-2.78739857673645, 121.6838607788086, 11.355290412902832], "r_upp_08_mouth_guide": [-3.069718360900879, 121.5198974609375, 11.113448143005371], "r_upp_09_mouth_guide": [-3.2098522186279297, 121.29435729980469, 10.891902923583984], "r_cor_10_mouth_guide": [-3.241208791732788, 121.01568603515625, 10.757583618164062], "r_low_01_mouth_guide": [-0.43921536207199097, 119.982421875, 11.876602172851562], "r_low_02_mouth_guide": [-0.8897188901901245, 119.99462127685547, 11.784015655517578], "r_low_03_mouth_guide": [-1.3479760885238647, 120.02107238769531, 11.632936477661133], "r_low_04_mouth_guide": [-1.7658692598342896, 120.05640411376953, 11.470453262329102], "r_low_05_mouth_guide": [-2.192199945449829, 120.14192962646484, 11.304892539978027], "r_low_06_mouth_guide": [-2.5396270751953125, 120.2300796508789, 11.1270170211792], "r_low_07_mouth_guide": [-2.833463668823242, 120.36701202392578, 10.966130256652832], "r_low_08_mouth_guide": [-3.0901286602020264, 120.58605194091797, 10.825654983520508], "r_low_09_mouth_guide": [-3.2147555351257324, 120.81158447265625, 10.739567756652832]}