{"Max_mouth_surface.cv[0][0]": [-16.147797843675797, 514.5051909072934, 19.514981699943824], "Max_mouth_surface.cv[0][1]": [-22.719743343135796, 523.2204449993333, 19.514981699943824], "Max_mouth_surface.cv[0][2]": [-26.485159027516925, 531.9285003030384, 19.514981699943824], "Max_mouth_surface.cv[0][3]": [-27.727147755002786, 540.6568516907773, 19.514981699943824], "Max_mouth_surface.cv[1][0]": [-10.892262650561301, 514.5051909072934, 52.94100729172148], "Max_mouth_surface.cv[1][1]": [-15.325273095594083, 523.2204449993333, 56.521100690709005], "Max_mouth_surface.cv[1][2]": [-17.86517959057696, 531.9285003030384, 58.59559796768571], "Max_mouth_surface.cv[1][3]": [-18.70294505926655, 540.6568516907773, 60.62874412808329], "Max_mouth_surface.cv[2][0]": [10.892262650561303, 514.5051909072934, 52.94100729172148], "Max_mouth_surface.cv[2][1]": [15.325273095594085, 523.2204449993333, 56.521100690709005], "Max_mouth_surface.cv[2][2]": [17.865179590576965, 531.9285003030384, 58.59559796768571], "Max_mouth_surface.cv[2][3]": [18.702945059266554, 540.6568516907773, 60.62874412808329], "Max_mouth_surface.cv[3][0]": [16.147797843675797, 514.5051909072934, 19.514981699943824], "Max_mouth_surface.cv[3][1]": [22.719743343135796, 523.2204449993333, 19.514981699943824], "Max_mouth_surface.cv[3][2]": [26.485159027516925, 531.9285003030384, 19.514981699943824], "Max_mouth_surface.cv[3][3]": [27.727147755002786, 540.6568516907773, 19.514981699943824]}