{"Max_mouth_surface.cv[0][0]": [-16.147797843675797, 514.5051909072934, 19.514981699943824], "Max_mouth_surface.cv[0][1]": [-22.719743343135796, 523.2204449993333, 19.514981699943824], "Max_mouth_surface.cv[0][2]": [-26.485159027516925, 531.9285003030384, 19.514981699943824], "Max_mouth_surface.cv[0][3]": [-27.727147755002786, 540.6568516907773, 19.514981699943824], "Max_mouth_surface.cv[1][0]": [-10.892262650561301, 514.5051909072934, 52.94100729172148], "Max_mouth_surface.cv[1][1]": [-15.325273095594083, 523.2204449993333, 56.521100690709005], "Max_mouth_surface.cv[1][2]": [-17.86517959057696, 531.9285003030384, 58.59559796768571], "Max_mouth_surface.cv[1][3]": [-18.70294505926655, 540.6568516907773, 60.62874412808329], "Max_mouth_surface.cv[2][0]": [10.892262650561303, 514.5051909072934, 52.94100729172148], "Max_mouth_surface.cv[2][1]": [15.325273095594085, 523.2204449993333, 56.521100690709005], "Max_mouth_surface.cv[2][2]": [17.865179590576965, 531.9285003030384, 58.59559796768571], "Max_mouth_surface.cv[2][3]": [18.702945059266554, 540.6568516907773, 60.62874412808329], "Max_mouth_surface.cv[3][0]": [16.147797843675797, 514.5051909072934, 19.514981699943824], "Max_mouth_surface.cv[3][1]": [22.719743343135796, 523.2204449993333, 19.514981699943824], "Max_mouth_surface.cv[3][2]": [26.485159027516925, 531.9285003030384, 19.514981699943824], "Max_mouth_surface.cv[3][3]": [27.727147755002786, 540.6568516907773, 19.514981699943824], "c_upp_00_mouth_guide": [0.0, 530.1136486294354, 47.91215547181906], "l_upp_01_mouth_guide": [2.2409467697143555, 530.0115368130291, 47.801052413957734], "l_upp_02_mouth_guide": [4.475595474243164, 529.9039318325604, 47.01194795228781], "l_upp_03_mouth_guide": [6.528665065765381, 529.7337658169354, 45.911465011613984], "l_upp_04_mouth_guide": [8.376697540283203, 529.4418346645916, 44.74523576356711], "l_upp_05_mouth_guide": [10.190231323242188, 529.2100717090146, 43.333531211554316], "l_upp_06_mouth_guide": [11.981826782226562, 528.8681756437314, 41.67896358427325], "l_upp_07_mouth_guide": [13.1087007522583, 528.7451782226562, 40.72525336251583], "l_cor_08_mouth_guide": [13.17124080657959, 528.3615112304688, 40.80540823410172], "c_low_00_mouth_guide": [0.0, 526.4389945376975, 46.24966629460824], "l_low_01_mouth_guide": [2.2269959449768066, 526.3840018619162, 46.19571121648324], "l_low_02_mouth_guide": [4.487241268157959, 526.4827230858178, 45.690649113211755], "l_low_03_mouth_guide": [6.533520698547363, 526.7346616551009, 44.976633152518396], "l_low_04_mouth_guide": [8.427627563476562, 526.880462881495, 43.96882871656761], "l_low_05_mouth_guide": [10.233683586120605, 527.2200883807949, 42.86045499017096], "l_low_06_mouth_guide": [11.8208589553833, 527.7583618164062, 41.399986288114434], "l_low_07_mouth_guide": [12.91984748840332, 528.090087890625, 40.844630951386875], "r_upp_01_mouth_guide": [-2.2409467697143555, 530.0115368130291, 47.801052413957734], "r_upp_02_mouth_guide": [-4.475595474243164, 529.9039318325604, 47.01194795228781], "r_upp_03_mouth_guide": [-6.528665065765381, 529.7337658169354, 45.911465011613984], "r_upp_04_mouth_guide": [-8.376697540283203, 529.4418346645916, 44.74523576356711], "r_upp_05_mouth_guide": [-10.190231323242188, 529.2100717090146, 43.333531211554316], "r_upp_06_mouth_guide": [-11.981826782226562, 528.8681756437314, 41.67896358427325], "r_upp_07_mouth_guide": [-13.1087007522583, 528.7451782226562, 40.72525336251583], "r_cor_08_mouth_guide": [-13.17124080657959, 528.3615112304688, 40.80540823410172], "r_low_01_mouth_guide": [-2.2269959449768066, 526.3840018619162, 46.19571121648324], "r_low_02_mouth_guide": [-4.487241268157959, 526.4827230858178, 45.690649113211755], "r_low_03_mouth_guide": [-6.533520698547363, 526.6855847526368, 44.976633152518396], "r_low_04_mouth_guide": [-8.427627563476562, 526.9295397839591, 43.96882871656761], "r_low_05_mouth_guide": [-10.233683586120605, 527.2200883807949, 42.86045499017096], "r_low_06_mouth_guide": [-11.8208589553833, 527.7583618164062, 41.399986288114434], "r_low_07_mouth_guide": [-12.91984748840332, 528.090087890625, 40.844630951386875]}